email,password,last_name,first_name,last_name_kana,first_name_kana,phone,zip,address
member001@example.com,pass0001,鶴見,賢人,ツルミ,ケント,0794735028,6751364,兵庫県小野市鹿野町3-19-7ハイツ中島108号
member002@example.com,pass0002,平沢,響己,ヒラサワ,ヒビキ,0296583338,3091601,茨城県笠間市大橋9-2-27ハイツ加納104号
member003@example.com,pass0003,小暮,晴人,コグレ,ハルト,0260554611,3800947,長野県長野市平柴3-1-17
member004@example.com,pass0004,小久保,将也,コクボ,マサヤ,0866054826,7150001,岡山県井原市野上町5-19-23ハイツ加納105号
member005@example.com,pass0005,佐瀬,康平,サセ,コウヘイ,0955422292,8594764,長崎県松浦市御厨町狩原免6-7-28ハイツ山田104号
member006@example.com,pass0006,清川,愛斗,キヨカワ,マナト,0784551541,6520816,兵庫県神戸市兵庫区永沢町7-12-18
member007@example.com,pass0007,岡,茜,オカ,アカネ,0823441881,7330814,広島県広島市西区己斐西町5-5-11ハイツ高橋110号
member008@example.com,pass0008,北井,裕生,キタイ,ヒロキ,0258131972,9518068,新潟県新潟市中央区上大川前通5-14-24ハイツ宮沢109号
member009@example.com,pass0009,仁平,翔生,ニヘイ,ショウキ,0470470618,2992203,千葉県南房総市山田5-10-13
member010@example.com,pass0010,西尾,仁菜,ニシオ,ニナ,0595898662,5191402,三重県伊賀市柘植町2-8-28
member011@example.com,pass0011,漆原,蒼真,ウルシバラ,ソウマ,0243075342,9640976,福島県二本松市新生町2-2-24
member012@example.com,pass0012,的場,倖太,マトバ,コウタ,0562897415,4701143,愛知県豊明市阿野町5-18-19
member013@example.com,pass0013,梅木,滉平,ウメキ,コウヘイ,0537712958,4360077,静岡県掛川市駅前1117
member014@example.com,pass0014,松橋,響輝,マツハシ,ヒビキ,0955118620,8494261,佐賀県伊万里市山代町立岩1011
member015@example.com,pass0015,山岸,来美,ヤマギシ,クルミ,0139364177,0491763,北海道松前郡松前町白坂706
member016@example.com,pass0016,柳原,修斗,ヤナギハラ,シュウト,0392350252,1631115,東京都新宿区西新宿新宿スクエアタワー　１５階7-10-28
member017@example.com,pass0017,飯塚,克哉,イイヅカ,カツヤ,0426014676,1920043,東京都八王子市暁町806
member018@example.com,pass0018,松尾,仁美,マツオ,ヒトミ,0307124792,1076244,東京都港区赤坂ミッドタウン・タワー　４４階2-4-2
member019@example.com,pass0019,今枝,夢翔,イマエダ,ユウト,0735404763,6494564,和歌山県東牟婁郡古座川町松根705
member020@example.com,pass0020,田沢,壱成,タザワ,イッセイ,0299526397,3140015,茨城県鹿嶋市泉川7-18-10
member021@example.com,pass0021,荒田,奏太,アラタ,ソウタ,0595894996,5180223,三重県伊賀市岡田8-15-26
member022@example.com,pass0022,大坂,恵大,オオサカ,ケイタ,0123348920,0680403,北海道夕張市本町63
member023@example.com,pass0023,李,奏和,リ,カナト,0248338702,9601434,福島県伊達郡川俣町小作5-14-17
member024@example.com,pass0024,小貫,瑠生,オヌキ,リュウセイ,0182177997,0190514,秋田県横手市十文字町睦合9-8-3
member025@example.com,pass0025,亀谷,音々,カメタニ,ネネ,0550224117,4101313,静岡県駿東郡小山町竹之下9-12-19ハイツ斉藤105号
member026@example.com,pass0026,城間,直人,シロマ,ナオト,0242887442,9696352,福島県大沼郡会津美里町穴田乙9-12-6
member027@example.com,pass0027,四方,達哉,シカタ,タツヤ,0780987665,6540163,兵庫県神戸市須磨区緑台1-5-13コーポ井上103号
member028@example.com,pass0028,栗栖,茉莉,クリス,マリ,0683686336,5406213,大阪府大阪市中央区城見パナソニックタワー　１３階584
member029@example.com,pass0029,赤松,未來,アカマツ,ミク,0567255765,4928205,愛知県稲沢市島町5-4-27
member030@example.com,pass0030,浜村,うらら,ハマムラ,ウララ,0766352498,9350412,富山県氷見市大境8-5-27
member031@example.com,pass0031,北澤,美沙,キタザワ,ミサ,0889857885,7850413,高知県高岡郡津野町烏出川3-18-14
member032@example.com,pass0032,岩淵,未桜,イワブチ,ミオ,0745107892,6350092,奈良県大和高田市大中南町2-13-13
member033@example.com,pass0033,橋爪,陸斗,ハシヅメ,リクト,0772455171,6260212,京都府宮津市中波見2-15-22
member034@example.com,pass0034,北沢,未奈,キタザワ,ミナ,0731868563,6408125,和歌山県和歌山市島崎町9-6-25コーポ鈴木107号
member035@example.com,pass0035,新妻,唯奈,ニイヅマ,ユイナ,0926863331,8160845,福岡県春日市白水ケ丘3-3-16ハイツ伊藤101号
member036@example.com,pass0036,柴,遼人,シバ,ハルト,0749653899,5210025,滋賀県米原市番場2-6-27コーポ工藤101号
member037@example.com,pass0037,吉住,拓真,ヨシズミ,タクマ,0771493477,6210115,京都府亀岡市東別院町栢原1-16-15
member038@example.com,pass0038,田原,凜子,タハラ,リコ,0574888614,5050072,岐阜県加茂郡坂祝町大針4-8-1ハイツ中村108号
member039@example.com,pass0039,西田,昴,ニシダ,スバル,0493077631,3550313,埼玉県比企郡小川町下横田203
member040@example.com,pass0040,対馬,悠真,ツシマ,ユウマ,0235751195,9997464,山形県鶴岡市由良5-14-13
member041@example.com,pass0041,佐田,圭,サダ,ケイ,0847357889,7221123,広島県世羅郡世羅町甲山164
member042@example.com,pass0042,高本,真衣,タカモト,マイ,0256727864,9590224,新潟県燕市野本7-8-2ハイツ山田102号
member043@example.com,pass0043,萩原,希咲,ハギワラ,キサキ,0880071255,7830033,高知県南国市包末3-15-26
member044@example.com,pass0044,広井,さやか,ヒロイ,サヤカ,0428646929,1980051,東京都青梅市友田町8-7-11
member045@example.com,pass0045,仲田,六花,ナカダ,リッカ,0830318020,7596612,山口県下関市安岡駅前5-7-10
member046@example.com,pass0046,山野,心花,ヤマノ,ココナ,0883636279,7712107,徳島県美馬市美馬町谷口7-8-13コーポ山本103号
member047@example.com,pass0047,竹林,悠翔,タケバヤシ,ハルト,0584428526,5030614,岐阜県海津市海津町長瀬1060コーポ渡辺110号
member048@example.com,pass0048,須山,優和,スヤマ,ユウワ,0765580470,9380821,富山県黒部市柳沢1-18-25ハイツ吉本108号
member049@example.com,pass0049,小宮山,郁美,コミヤマ,イクミ,0735133363,6494442,和歌山県東牟婁郡古座川町佐田443
member050@example.com,pass0050,橋場,真凛,ハシバ,マリン,0956981324,8570344,長崎県北松浦郡佐々町迎木場免2-17-16
